,Silhouette,Davies_Bouldin
KMeans,0.2870677726741742,1.1393875984829374
Hierarchical,0.2596312921383631,1.0820259736400497
DBSCAN,Not valid (single cluster or noise),Not valid
GMM,0.10523777455194097,2.9207421720892164
